Source;Region;Target;Type;weight;Journal;end
AARHUS UNIVERSITY;DK;J PEACE RES;directed;4;FALSE;FALSE
ABERYSTWYTH UNIVERSITY;UK;J INT RELAT DEV ;directed;4;FALSE;FALSE
ADNAN MENDERES UNIVERSITY;TR;ULUSLAR ILISKILER;directed;3;FALSE;FALSE
ALTINBAS UNIVERSITY;TR;ULUSLAR ILISKILER;directed;3;FALSE;FALSE
AM ECON REV;US;REV INT ORGAN;directed;43;TRUE;FALSE
AM ECON REV;US;J PEACE RES;directed;27;TRUE;FALSE
AM ECON REV;US;COMMON MKT LAW REV;directed;4;TRUE;FALSE
AM J POLIT SCI;US;REV INT ORGAN;directed;42;TRUE;FALSE
AM J POLIT SCI;US;J PEACE RES;directed;111;TRUE;FALSE
AM J POLIT SCI;US;J CURR SE ASIAN AFF;directed;13;TRUE;FALSE
AM J POLIT SCI;US;CONTEMP SE ASIA;directed;3;TRUE;FALSE
AM J POLIT SCI;US;AUST J INT AFF;directed;6;TRUE;FALSE
AM JINT LAW;US;ULUSLAR ILISKILER;directed;5;TRUE;FALSE
AM JINT LAW;US;ASIAN J WTO INT HEAL;directed;10;TRUE;FALSE
AM POLIT SCI REV;US;ULUSLAR ILISKILER;directed;5;TRUE;FALSE
AM POLIT SCI REV;US;REV INT ORGAN;directed;51;TRUE;FALSE
AM POLIT SCI REV;US;REV BRAS POLIT INT;directed;5;TRUE;FALSE
AM POLIT SCI REV;US;J PEACE RES;directed;123;TRUE;FALSE
AM POLIT SCI REV;US;J CURR SE ASIAN AFF;directed;6;TRUE;FALSE
AM POLIT SCI REV;US;INT J-TORONTO;directed;4;TRUE;FALSE
AM POLIT SCI REV;US;CHIN J INT POLIT;directed;18;TRUE;FALSE
AM POLIT SCI REV;US;AUST J INT AFF;directed;11;TRUE;FALSE
AM POLIT SCI REV;US;ASIAN PERSPECT-SEOUL;directed;6;TRUE;FALSE
AM QUART;US;INT J-TORONTO;directed;3;TRUE;FALSE
ANKARA UNIVERSITY;TR;ULUSLAR ILISKILER;directed;6;FALSE;FALSE
ANNU REV POLIT SCI;USA;REV INT ORGAN;directed;18;TRUE;FALSE
ANNU REV POLIT SCI;USA;REV BRAS POLIT INT;directed;6;TRUE;FALSE
ANNU REV POLIT SCI;USA;J PEACE RES;directed;29;TRUE;FALSE
ANNU REV POLIT SCI;USA;J CURR SE ASIAN AFF;directed;6;TRUE;FALSE
ANTALYA TRAINING & RESEARCH HOSPITAL;TR;ULUSLAR ILISKILER;directed;3;FALSE;FALSE
ARAB STUD Q;UK;INT J-TORONTO;directed;3;TRUE;FALSE
ARIZONA STATE UNIVERSITY;US;REV INT ORGAN;directed;3;FALSE;FALSE
ASIA PAC POLICY STUD;UK;J CURR SE ASIAN AFF;directed;5;TRUE;FALSE
ASIAN J WTO INT HEAL;TW;SUSTAINABILITY-BASEL;directed;3;TRUE;FALSE
;;;;;;
;;;;;;
ASIAN J WTO INT HEAL;TW;ASIAN J WTO INT HEAL;directed;7;TRUE;FALSE
ASIAN J WTO INT HEAL;TW;ASIAN J WTO INT HEAL;directed;7;TRUE;FALSE
ASIAN PERSPECT-SEOUL;KR;THIRD WORLD Q;directed;6;TRUE;FALSE
ASIAN PERSPECT-SEOUL;KR;PAC REV;directed;12;TRUE;FALSE
ASIAN PERSPECT-SEOUL;KR;PAC FOCUS;directed;4;TRUE;FALSE
;;;;;;
;;;;;;
ASIAN PERSPECT-SEOUL;KR;J CONTEMP CHINA;directed;6;TRUE;FALSE
ASIAN PERSPECT-SEOUL;KR;J CHIN POLIT SCI;directed;8;TRUE;FALSE
ASIAN PERSPECT-SEOUL;KR;INT STUD REV;directed;4;TRUE;FALSE
ASIAN PERSPECT-SEOUL;KR;INT POLITICS;directed;3;TRUE;FALSE
ASIAN PERSPECT-SEOUL;KR;INT J ENV RES PUB HE;directed;3;TRUE;FALSE
ASIAN PERSPECT-SEOUL;KR;INT AFF;directed;3;TRUE;FALSE
ASIAN PERSPECT-SEOUL;KR;GLOBAL GOV;directed;3;TRUE;FALSE
ASIAN PERSPECT-SEOUL;KR;E ASIA-NETHERLANDS;directed;3;TRUE;FALSE
;;;;;;
;;;;;;
ASIAN PERSPECT-SEOUL;KR;ASIAN SURV;directed;5;TRUE;FALSE
ASIAN PERSPECT-SEOUL;KR;ASIAN POLIT POLICY;directed;5;TRUE;FALSE
ASIAN PERSPECT-SEOUL;KR;ASIAN PERSPECT-SEOUL;directed;15;TRUE;FALSE
ASIAN PERSPECT-SEOUL;KR;ASIAN PERSPECT-SEOUL;directed;15;TRUE;FALSE
ASIAN PERSPECT-SEOUL;KR;ASIAN J COMP POLITIC;directed;4;TRUE;FALSE
;;;;;;
ASIAN SURV;US;J CURR SE ASIAN AFF;directed;6;TRUE;FALSE
ASIAN SURV;US;CONTEMP SE ASIA;directed;5;TRUE;FALSE
ASIAN SURV;US;ASIAN PERSPECT-SEOUL;directed;18;TRUE;FALSE
AUST J INT AFF;AU;THIRD WORLD Q;directed;9;TRUE;FALSE
;;;;;;
AUST J INT AFF;AU;REGUL GOV;directed;7;TRUE;FALSE
AUST J INT AFF;AU;PAC REV;directed;27;TRUE;FALSE
;;;;;;
;;;;;;
;;;;;;
;;;;;;
AUST J INT AFF;AU;INT STUD REV;directed;5;TRUE;FALSE
AUST J INT AFF;AU;INT RELAT ASIA-PAC;directed;10;TRUE;FALSE
AUST J INT AFF;AU;INT POLITICS;directed;14;TRUE;FALSE
;;;;;;
AUST J INT AFF;AU;INT AFF;directed;13;TRUE;FALSE
;;;;;;
AUST J INT AFF;AU;E ASIA-NETHERLANDS;directed;9;TRUE;FALSE
AUST J INT AFF;AU;CHINA REV;directed;5;TRUE;FALSE
AUST J INT AFF;AU;AUST JINT AFF;directed;71;TRUE;FALSE
AUST J INT AFF;AU;AUST J POLIT HIST;directed;21;TRUE;FALSE
AUST J INT AFF;AU;ASIAN J COMP POLITIC;directed;16;TRUE;FALSE
;;;;;;
AUST J POLIT HIST;AU;AUST J INT AFF;directed;10;TRUE;FALSE
AUST J POLIT SCI;AU;AUST J INT AFF;directed;12;TRUE;FALSE
AUST JINT AFF;AU;INT J-TORONTO;directed;3;TRUE;FALSE
AUST JINT AFF;AU;AUST J INT AFF;directed;71;TRUE;FALSE
AUSTRALIAN NATIONAL UNIVERSITY;AU;J PEACE RES;directed;3;FALSE;FALSE
AUSTRALIAN NATIONAL UNIVERSITY;AU;CONTEMP SE ASIA;directed;12;FALSE;FALSE
AUSTRALIAN NATIONAL UNIVERSITY;AU;AUST J INT AFF;directed;19;FALSE;FALSE
B ATOM SCI;US;CONTEMP SECUR POL;directed;17;TRUE;FALSE
B INDONES ECON STUD;ID;J CURR SE ASIAN AFF;directed;12;TRUE;FALSE
B INDONES ECON STUD;ID;ASIAN PERSPECT-SEOUL;directed;6;TRUE;FALSE
B LAT AM RES;UK;REV BRAS POLIT INT;directed;6;TRUE;FALSE
BOCCONI UNIVERSITY;US;REV INT ORGAN;directed;4;FALSE;FALSE
BOSTON UNIVERSITY;US;ASIAN PERSPECT-SEOUL;directed;24;FALSE;FALSE
BRIT J POLIT SCI;UK;REV INT ORGAN;directed;20;TRUE;FALSE
CAMB REV INT AFF;KH;ULUSLAR ILISKILER;directed;4;TRUE;FALSE
CAMB REV INT AFF;KH;REV BRAS POLIT INT;directed;7;TRUE;FALSE
CAMB REV INT AFF;KH;J INT RELAT DEV ;directed;18;TRUE;FALSE
CAMB REV INT AFF;KH;INT J-TORONTO;directed;3;TRUE;FALSE
CAMB REV INT AFF;KH;CHIN J INT POLIT;directed;12;TRUE;FALSE
CANADIAN FORCES COLL;CA;INT J-TORONTO;directed;3;FALSE;FALSE
CANADIAN FOREIGN POL;CA;INT J-TORONTO;directed;18;TRUE;FALSE
CARDIFF UNIVERSITY;UK;J INT RELAT DEV ;directed;3;FALSE;FALSE
CARLETON UNIVERSITY;CA;INT J-TORONTO;directed;18;FALSE;FALSE
CHARLES UNIVERSITY PRAGUE;CZ;J INT RELAT DEV ;directed;3;FALSE;FALSE
CHIN J INT POLIT;CN;REV INT STUD;directed;10;TRUE;FALSE
CHIN J INT POLIT;CN;PAC REV;directed;31;TRUE;FALSE
CHIN J INT POLIT;CN;PAC FOCUS;directed;7;TRUE;FALSE
;;;;;;
CHIN J INT POLIT;CN;J GLOB SECUR STUD;directed;8;TRUE;FALSE
CHIN J INT POLIT;CN;J CONTEMP CHINA;directed;16;TRUE;FALSE
CHIN J INT POLIT;CN;J CHIN POLIT SCI;directed;16;TRUE;FALSE
CHIN J INT POLIT;CN;INT STUD REV;directed;24;TRUE;FALSE
CHIN J INT POLIT;CN;INT RELAT ASIA-PAC;directed;11;TRUE;FALSE
CHIN J INT POLIT;CN;INT POLITICS;directed;12;TRUE;FALSE
CHIN J INT POLIT;CN;INT AFF;directed;8;TRUE;FALSE
;;;;;;
CHIN J INT POLIT;CN;GLOB POLICY;directed;14;TRUE;FALSE
CHIN J INT POLIT;CN;CHINA REV;directed;6;TRUE;FALSE
;;;;;;
CHIN J INT POLIT;CN;CAMB REV INT AFF;directed;6;TRUE;FALSE
CHIN J INT POLIT;CN;ASIAN POLIT POLICY;directed;10;TRUE;FALSE
CHIN J INT POLIT;CN;ASIAN PERSPECT-SEOUL;directed;8;TRUE;FALSE
CHIN J INT POLIT;CN;ASIAN J COMP POLITIC;directed;7;TRUE;FALSE
;;;;;;
CHIN JINT LAW;CN;ASIAN J WTO INT HEAL;directed;4;TRUE;FALSE
CHIN JINT POLIT;CN;CHIN J INT POLIT;directed;51;TRUE;FALSE
CHIN JINT POLIT;CN;ASIAN PERSPECT-SEOUL;directed;8;TRUE;FALSE
CHINA FOREIGN AFFAIRS UNIVERSITY;CN;ASIAN PERSPECT-SEOUL;directed;3;FALSE;FALSE
CHINA QUART;CN;ASIAN PERSPECT-SEOUL;directed;22;TRUE;FALSE
COLL EUROPE;BE;COMMON MKT LAW REV;directed;3;FALSE;FALSE
COLUMBIA UNIVERSITY;US;REV INT ORGAN;directed;3;FALSE;FALSE
COLUMBIA UNIVERSITY;US;J PEACE RES;directed;4;FALSE;FALSE
;;;;;;
;;;;;;
COMMON MKT LAW REV;NL;JCMS-J COMMON MARK S;directed;19;TRUE;FALSE
COMMON MKT LAW REV;NL;J EUR PUBLIC POLICY;directed;12;TRUE;FALSE
;;;;;;
;;;;;;
;;;;;;
;;;;;;
;;;;;;
;;;;;;
;;;;;;
;;;;;;
;;;;;;
;;;;;;
;;;;;;
;;;;;;
;;;;;;
;;;;;;
;;;;;;
COMMON MKT LAW REV;NL;COMMON MKT LAW REV;directed;189;TRUE;FALSE
COMMON MKT LAW REV;NL;COMMON MKT LAW REV;directed;189;TRUE;FALSE
COMP POLIT;US;REV INT ORGAN;directed;24;TRUE;FALSE
COMP POLIT;US;J PEACE RES;directed;26;TRUE;FALSE
COMP POLIT;US;J CURR SE ASIAN AFF;directed;6;TRUE;FALSE
COMP POLIT;US;CONTEMP SE ASIA;directed;3;TRUE;FALSE
COMP POLIT;US;COMMON MKT LAW REV;directed;7;TRUE;FALSE
COMPUT LAW SECUR REV;UK;COMMON MKT LAW REV;directed;6;TRUE;FALSE
CONFLICT MANAG PEACE;UK;J PEACE RES;directed;61;TRUE;FALSE
CONTEMP SE ASIA;SG;THIRD WORLD Q;directed;5;TRUE;FALSE
CONTEMP SE ASIA;SG;SMALL WAR INSUR;directed;6;TRUE;FALSE
;;;;;;
CONTEMP SE ASIA;SG;PAC REV;directed;22;TRUE;FALSE
CONTEMP SE ASIA;SG;J CURR SE ASIAN AFF;directed;8;TRUE;FALSE
CONTEMP SE ASIA;SG;J CURR SE ASIAN AFF;directed;8;TRUE;FALSE
CONTEMP SE ASIA;SG;J CONTEMP ASIA;directed;10;TRUE;FALSE
;;;;;;
CONTEMP SE ASIA;SG;INT RELAT ASIA-PAC;directed;13;TRUE;FALSE
CONTEMP SE ASIA;SG;INT POLITICS;directed;4;TRUE;FALSE
;;;;;;
CONTEMP SE ASIA;SG;FOREIGN POL ANAL-US;directed;6;TRUE;FALSE
;;;;;;
CONTEMP SE ASIA;SG;E ASIA-NETHERLANDS;directed;6;TRUE;FALSE
;;;;;;
CONTEMP SE ASIA;SG;CONTEMP SE ASIA;directed;11;TRUE;FALSE
CONTEMP SE ASIA;SG;CONTEMP SE ASIA;directed;11;TRUE;FALSE
CONTEMP SE ASIA;SG;AUST JINT AFF;directed;5;TRUE;FALSE
CONTEMP SE ASIA;SG;ASIAN POLIT POLICY;directed;8;TRUE;FALSE
CONTEMP SE ASIA;SG;ASIAN PERSPECT-SEOUL;directed;11;TRUE;FALSE
CONTEMP SE ASIA;SG;ASIAN PERSPECT-SEOUL;directed;11;TRUE;FALSE
;;;;;;
CONTEMP SE ASIA;SG;ASIAN J COMP POLITIC;directed;10;TRUE;FALSE
CONTEMP SECUR POL;EN;SUSTAINABILITY-BASEL;directed;9;TRUE;FALSE
CONTEMP SECUR POL;EN;STUD CONFL TERROR;directed;6;TRUE;FALSE
CONTEMP SECUR POL;EN;SMALL WAR INSUR;directed;8;TRUE;FALSE
CONTEMP SECUR POL;EN;REV INT STUD;directed;8;TRUE;FALSE
CONTEMP SECUR POL;EN;JINT RELAT DEV;directed;6;TRUE;FALSE
CONTEMP SECUR POL;EN;JCMS-J COMMON MARK S;directed;8;TRUE;FALSE
;;;;;;
;;;;;;
;;;;;;
;;;;;;
CONTEMP SECUR POL;EN;J CONTEMP EUR STUD;directed;6;TRUE;FALSE
CONTEMP SECUR POL;EN;INT STUD REV;directed;16;TRUE;FALSE
CONTEMP SECUR POL;EN;INT POLITICS;directed;20;TRUE;FALSE
CONTEMP SECUR POL;EN;INT AFF;directed;12;TRUE;FALSE
CONTEMP SECUR POL;EN;EUR SECUR;directed;7;TRUE;FALSE
;;;;;;
CONTEMP SECUR POL;EN;DEMOCRATIZATION;directed;24;TRUE;FALSE
CONTEMP SECUR POL;EN;CONTEMP SECUR POL;directed;70;TRUE;FALSE
CONTEMP SECUR POL;EN;CONTEMP SECUR POL;directed;70;TRUE;FALSE
CONTEMP SECUR POL;EN;CAMB REV INT AFF;directed;18;TRUE;FALSE
;;;;;;
COOP CONFL;NO;ULUSLAR ILISKILER;directed;6;TRUE;FALSE
COOP CONFL;NO;J INT RELAT DEV ;directed;17;TRUE;FALSE
CRIT ASIAN STUD;UK;J CURR SE ASIAN AFF;directed;5;TRUE;FALSE
CRIT ASIAN STUD;UK;CONTEMP SE ASIA;directed;8;TRUE;FALSE
DALHOUSIE UNIVERSITY;CA;INT J-TORONTO;directed;6;FALSE;FALSE
DE LA SALLE UNIVERSITY;PH;J CURR SE ASIAN AFF;directed;3;FALSE;FALSE
DEAKIN UNIVERSITY;AU;AUST J INT AFF;directed;9;FALSE;FALSE
DEMOCRATIZATION;UK;J CURR SE ASIAN AFF;directed;5;TRUE;FALSE
DEMOCRATIZATION;UK;CONTEMP SE ASIA;directed;17;TRUE;FALSE
ELECT STUD;UK;J CURR SE ASIAN AFF;directed;9;TRUE;FALSE
ENERG POLICY;UK;J INT RELAT DEV ;directed;25;TRUE;FALSE
ENERG POLICY;UK;ASIAN PERSPECT-SEOUL;directed;6;TRUE;FALSE
ETH ZURICH;CH;REV INT ORGAN;directed;7;FALSE;FALSE
ETH ZURICH;CH;J PEACE RES;directed;9;FALSE;FALSE
ETH ZURICH;CH;CONTEMP SECUR POL;directed;3;FALSE;FALSE
EUR BUS ORGAN LAW RE;NL;COMMON MKT LAW REV;directed;4;TRUE;FALSE
EUR CONST LAW REV;NL;COMMON MKT LAW REV;directed;22;TRUE;FALSE
EUR J INT LAW;US;ASIAN J WTO INT HEAL;directed;4;TRUE;FALSE
EUR J INT RELAT;EN;ULUSLAR ILISKILER;directed;9;TRUE;FALSE
EUR J INT RELAT;EN;REV INT ORGAN;directed;17;TRUE;FALSE
EUR J INT RELAT;EN;REV BRAS POLIT INT;directed;8;TRUE;FALSE
EUR J INT RELAT;EN;J INT RELAT DEV ;directed;74;TRUE;FALSE
EUR J INT RELAT;EN;CONTEMP SECUR POL;directed;19;TRUE;FALSE
EUR J INT RELAT;EN;CHIN J INT POLIT;directed;28;TRUE;FALSE
EUR J INT RELAT;EN;AUST J INT AFF;directed;20;TRUE;FALSE
EUR J INT RELAT;EN;ASIAN PERSPECT-SEOUL;directed;6;TRUE;FALSE
EUR J POLIT RES;EN;CONTEMP SE ASIA;directed;3;TRUE;FALSE
EUR J RISK REGUL;DE;ASIAN J WTO INT HEAL;directed;3;TRUE;FALSE
EUR LAW J;UK;COMMON MKT LAW REV;directed;24;TRUE;FALSE
EUR LAW REV;UK;COMMON MKT LAW REV;directed;39;TRUE;FALSE
EUR SECUR;UK;CONTEMP SECUR POL;directed;7;TRUE;FALSE
EUROPEAN UNIVERSITY INSTITUTE;EU;REV INT ORGAN;directed;9;FALSE;FALSE
EUROPEAN UNIVERSITY INSTITUTE;EU;COMMON MKT LAW REV;directed;7;FALSE;FALSE
FLINDERS UNIVERSITY SOUTH AUSTRALIA;AU;AUST J INT AFF;directed;4;FALSE;FALSE
FOREIGN AFF;US;REV BRAS POLIT INT;directed;13;TRUE;FALSE
FOREIGN AFF;US;J INT RELAT DEV ;directed;16;TRUE;FALSE
FOREIGN AFF;US;INT J-TORONTO;directed;7;TRUE;FALSE
FOREIGN AFF;US;CONTEMP SECUR POL;directed;11;TRUE;FALSE
FOREIGN AFF;US;CHIN J INT POLIT;directed;27;TRUE;FALSE
FOREIGN AFF;US;AUST J INT AFF;directed;13;TRUE;FALSE
FOREIGN AFF;US;ASIAN PERSPECT-SEOUL;directed;10;TRUE;FALSE
FOREIGN POL ANAL-US;US;REV BRAS POLIT INT;directed;7;TRUE;FALSE
FOREIGN POL ANAL-US;US;J INT RELAT DEV ;directed;21;TRUE;FALSE
FOREIGN POL ANAL-US;US;AUST J INT AFF;directed;7;TRUE;FALSE
FREE UNIVERSITY OF BERLIN;DE;J INT RELAT DEV ;directed;3;FALSE;FALSE
FUDAN UNIVERSITY;CN;CHIN J INT POLIT;directed;6;FALSE;FALSE
GADJAH MADA UNIVERSITY;ID;J CURR SE ASIAN AFF;directed;3;FALSE;FALSE
GEORGETOWN UNIVERSITY;US;REV INT ORGAN;directed;4;FALSE;FALSE
GERMAN INSTITUTE OF GLOBAL & AREA STUDIES;DE;J PEACE RES;directed;4;FALSE;FALSE
GERMAN INSTITUTE OF GLOBAL & AREA STUDIES;DE;J CURR SE ASIAN AFF;directed;4;FALSE;FALSE
GHENT UNIVERSITY;BE;COMMON MKT LAW REV;directed;3;FALSE;FALSE
GLOB POLICY;UK;ASIAN PERSPECT-SEOUL;directed;10;TRUE;FALSE
GLOB RESPONSIB PROT;NL;REV BRAS POLIT INT;directed;8;TRUE;FALSE
GLOB SOC;UK;ULUSLAR ILISKILER;directed;4;TRUE;FALSE
GLOBAL AFFAIRS CANADA;CA;INT J-TORONTO;directed;4;FALSE;FALSE
GLOBAL ENVIRON CHANG;US;J PEACE RES;directed;31;TRUE;FALSE
GLOBAL ENVIRON POLIT;US;REV INT ORGAN;directed;19;TRUE;FALSE
GLOBAL GOV;NL;REV INT ORGAN;directed;33;TRUE;FALSE
GLOBAL GOV;NL;CONTEMP SECUR POL;directed;14;TRUE;FALSE
GLOBAL GOV;NL;CHIN J INT POLIT;directed;10;TRUE;FALSE
GLOBALIZATIONS;UK;ULUSLAR ILISKILER;directed;4;TRUE;FALSE
GOETHE UNIVERSITY FRANKFURT;DE;J INT RELAT DEV ;directed;3;FALSE;FALSE
GRIFFITH UNIVERSITY;US;AUST J INT AFF;directed;7;FALSE;FALSE
HAGUE J RULE LAW;NL;COMMON MKT LAW REV;directed;5;TRUE;FALSE
HARVARD LAW REV;US;COMMON MKT LAW REV;directed;6;TRUE;FALSE
HARVARD UNIVERSITY;US;J PEACE RES;directed;7;FALSE;FALSE
HARVARD UNIVERSITY;US;ASIAN PERSPECT-SEOUL;directed;24;FALSE;FALSE
HEBREW UNIVERSITY OF JERUSALEM;IL;J INT RELAT DEV ;directed;4;FALSE;FALSE
HIGH POINT UNIV;US;J PEACE RES;directed;3;FALSE;FALSE
HUMBOLDT UNIVERSITY OF BERLIN;DE;COMMON MKT LAW REV;directed;3;FALSE;FALSE
ICSID REV;US;ASIAN J WTO INT HEAL;directed;5;TRUE;FALSE
IFO INSTITUT;DE;REV INT ORGAN;directed;7;FALSE;FALSE
IHSAN DOGRAMACI BILKENT UNIVERSITY;TR;ULUSLAR ILISKILER;directed;7;FALSE;FALSE
INSTITUTE OF INTERNATIONAL RELATIONS - CZECH REPUBLIC;CZ;J INT RELAT DEV ;directed;3;FALSE;FALSE
INT AFF;EN;REV BRAS POLIT INT;directed;9;TRUE;FALSE
INT AFF;EN;J INT RELAT DEV ;directed;15;TRUE;FALSE
INT AFF;EN;INT J-TORONTO;directed;6;TRUE;FALSE
INT AFF;EN;CONTEMP SECUR POL;directed;36;TRUE;FALSE
INT AFF;EN;CHIN J INT POLIT;directed;28;TRUE;FALSE
INT AFF;EN;AUST J INT AFF;directed;21;TRUE;FALSE
INT AFF;EN;ASIAN PERSPECT-SEOUL;directed;12;TRUE;FALSE
INT AFF;EN;ASIAN J WTO INT HEAL;directed;3;TRUE;FALSE
INT COMP LAW Q;UK;COMMON MKT LAW REV;directed;5;TRUE;FALSE
INT COMP LAW Q;UW;ASIAN J WTO INT HEAL;directed;6;TRUE;FALSE
INT DATA PRIV LAW;UK;COMMON MKT LAW REV;directed;6;TRUE;FALSE
INT INTERACT;UK;J PEACE RES;directed;39;TRUE;FALSE
INT J-TORONTO;CA;THIRD WORLD Q;directed;7;TRUE;FALSE
INT J-TORONTO;CA;SUSTAINABILITY-BASEL;directed;17;TRUE;FALSE
INT J-TORONTO;CA;PLOS ONE;directed;7;TRUE;FALSE
;;;;;;
INT J-TORONTO;CA;J GLOB SECUR STUD;directed;6;TRUE;FALSE
;;;;;;
;;;;;;
INT J-TORONTO;CA;INT STUD REV;directed;13;TRUE;FALSE
INT J-TORONTO;CA;INT J-TORONTO;directed;32;TRUE;FALSE
INT J-TORONTO;CA;INT J-TORONTO;directed;32;TRUE;FALSE
;;;;;;
INT J-TORONTO;CA;INT J ENV RES PUB HE;directed;8;TRUE;FALSE
INT J-TORONTO;CA;INT AFF;directed;7;TRUE;FALSE
;;;;;;
;;;;;;
;;;;;;
;;;;;;
;;;;;;
;;;;;;
;;;;;;
;;;;;;
INT ORGAN;US;ULUSLAR ILISKILER;directed;18;TRUE;FALSE
INT ORGAN;US;REV INT ORGAN;directed;184;TRUE;FALSE
INT ORGAN;US;REV BRAS POLIT INT;directed;19;TRUE;FALSE
INT ORGAN;US;J PEACE RES;directed;89;TRUE;FALSE
INT ORGAN;US;J INT RELAT DEV ;directed;56;TRUE;FALSE
INT ORGAN;US;INT J-TORONTO;directed;12;TRUE;FALSE
INT ORGAN;US;CONTEMP SECUR POL;directed;28;TRUE;FALSE
INT ORGAN;US;CHIN J INT POLIT;directed;55;TRUE;FALSE
INT ORGAN;US;AUST J INT AFF;directed;15;TRUE;FALSE
INT PEACEKEEPING;UK;CONTEMP SECUR POL;directed;27;TRUE;FALSE
INT POLIT SCI REV;UK;AUST J INT AFF;directed;8;TRUE;FALSE
INT POLITICS;UK;INT J-TORONTO;directed;4;TRUE;FALSE
INT RELAT;UK;ULUSLAR ILISKILER;directed;5;TRUE;FALSE
INT RELAT;UK;ULUSLAR ILISKILER;directed;5;TRUE;FALSE
INT RELAT;UK;REV BRAS POLIT INT;directed;5;TRUE;FALSE
INT SECURITY;US;REV BRAS POLIT INT;directed;17;TRUE;FALSE
INT SECURITY;US;J PEACE RES;directed;45;TRUE;FALSE
INT SECURITY;US;J INT RELAT DEV ;directed;24;TRUE;FALSE
INT SECURITY;US;INT J-TORONTO;directed;8;TRUE;FALSE
INT SECURITY;US;CONTEMP SECUR POL;directed;49;TRUE;FALSE
INT SECURITY;US;CHIN J INT POLIT;directed;52;TRUE;FALSE
INT SECURITY;US;AUST J INT AFF;directed;15;TRUE;FALSE
INT SECURITY;US;ASIAN PERSPECT-SEOUL;directed;10;TRUE;FALSE
INT STUD PERSPECT;US;ULUSLAR ILISKILER;directed;6;TRUE;FALSE
INT STUD QUART;US;ULUSLAR ILISKILER;directed;12;TRUE;FALSE
INT STUD QUART;US;REV INT ORGAN;directed;83;TRUE;FALSE
INT STUD QUART;US;REV BRAS POLIT INT;directed;13;TRUE;FALSE
INT STUD QUART;US;J PEACE RES;directed;66;TRUE;FALSE
INT STUD QUART;US;J INT RELAT DEV ;directed;72;TRUE;FALSE
INT STUD QUART;US;INT J-TORONTO;directed;5;TRUE;FALSE
INT STUD QUART;US;CONTEMP SECUR POL;directed;15;TRUE;FALSE
INT STUD QUART;US;CHIN J INT POLIT;directed;31;TRUE;FALSE
INT STUD QUART;US;AUST J INT AFF;directed;20;TRUE;FALSE
INT STUD REV;US;ULUSLAR ILISKILER;directed;14;TRUE;FALSE
INT STUD REV;US;REV BRAS POLIT INT;directed;5;TRUE;FALSE
INT STUD REV;US;J INT RELAT DEV ;directed;34;TRUE;FALSE
INT STUD REV;US;CONTEMP SECUR POL;directed;10;TRUE;FALSE
INT STUD REV;US;CHIN J INT POLIT;directed;16;TRUE;FALSE
INT THEOR;UK;J INT RELAT DEV ;directed;29;TRUE;FALSE
INT THEOR;UK;CHIN J INT POLIT;directed;21;TRUE;FALSE
INTELL NATL SECUR;UK;INT J-TORONTO;directed;10;TRUE;FALSE
INTERDISCIPLINARY CENTER (IDC) HERZLIYA;IL;J PEACE RES;directed;3;FALSE;FALSE
ISEAS YUSOF ISHAK INST;SG;CONTEMP SE ASIA;directed;9;FALSE;FALSE
ISTANBUL BILGI UNIVERSITY;TR;ULUSLAR ILISKILER;directed;5;FALSE;FALSE
IZMIR KATIP CELEBI UNIVERSITY;TR;ULUSLAR ILISKILER;directed;4;FALSE;FALSE
J CONFLICT RESOLUT;US;REV INT ORGAN;directed;43;TRUE;FALSE
J CONFLICT RESOLUT;US;J PEACE RES;directed;214;TRUE;FALSE
J CONFLICT RESOLUT;US;CONTEMP SECUR POL;directed;8;TRUE;FALSE
J CONFLICT RESOLUT;US;CHIN J INT POLIT;directed;15;TRUE;FALSE
J CONTEMP ASIA;UK;J CURR SE ASIAN AFF;directed;10;TRUE;FALSE
J CONTEMP ASIA;UK;CONTEMP SE ASIA;directed;19;TRUE;FALSE
J CONTEMP ASIA;UK;ASIAN PERSPECT-SEOUL;directed;9;TRUE;FALSE
J CONTEMP CHINA;UK;CHIN J INT POLIT;directed;24;TRUE;FALSE
J CONTEMP CHINA;UK;ASIAN PERSPECT-SEOUL;directed;23;TRUE;FALSE
J CURR SE ASIAN AFF;DE;THIRD WORLD Q;directed;7;TRUE;FALSE
;;;;;;
;;;;;;
J CURR SE ASIAN AFF;DE;POLIT GEOGR;directed;5;TRUE;FALSE
J CURR SE ASIAN AFF;DE;PAC REV;directed;8;TRUE;FALSE
J CURR SE ASIAN AFF;DE;PAC FOCUS;directed;5;TRUE;FALSE
;;;;;;
;;;;;;
J CURR SE ASIAN AFF;DE;J CURR SE ASIAN AFF;directed;24;TRUE;FALSE
J CURR SE ASIAN AFF;DE;J CURR SE ASIAN AFF;directed;24;TRUE;FALSE
J CURR SE ASIAN AFF;DE;J CONTEMP ASIA;directed;9;TRUE;FALSE
;;;;;;
;;;;;;
;;;;;;
;;;;;;
J CURR SE ASIAN AFF;DE;DEMOCRATIZATION;directed;7;TRUE;FALSE
J CURR SE ASIAN AFF;DE;CONTEMP SE ASIA;directed;7;TRUE;FALSE
J CURR SE ASIAN AFF;DE;CONTEMP SE ASIA;directed;7;TRUE;FALSE
;;;;;;
J CURR SE ASIAN AFF;DE;ASIAN SURV;directed;5;TRUE;FALSE
;;;;;;
J CURR SE ASIAN AFF;DE;ASIAN PERSPECT-SEOUL;directed;6;TRUE;FALSE
J CURR SE ASIAN AFF;DE;ASIAN PERSPECT-SEOUL;directed;6;TRUE;FALSE
J DEMOCR;US;J CURR SE ASIAN AFF;directed;6;TRUE;FALSE
J DEMOCR;US;CONTEMP SE ASIA;directed;14;TRUE;FALSE
J DEV ECON;NL;REV INT ORGAN;directed;43;TRUE;FALSE
J EAST ASIAN STUD;US;CONTEMP SE ASIA;directed;3;TRUE;FALSE
J EUR PUBLIC POLICY;UK;ULUSLAR ILISKILER;directed;6;TRUE;FALSE
J EUR PUBLIC POLICY;UK;J INT RELAT DEV ;directed;16;TRUE;FALSE
J EUR PUBLIC POLICY;UK;COMMON MKT LAW REV;directed;19;TRUE;FALSE
J FINANC REGUL;UK;COMMON MKT LAW REV;directed;5;TRUE;FALSE
J INT RELAT DEV ;SI;THIRD WORLD Q;directed;8;TRUE;FALSE
J INT RELAT DEV ;SI;REV INT STUD;directed;12;TRUE;FALSE
J INT RELAT DEV ;SI;JINT RELAT DEV;directed;70;TRUE;FALSE
;;;;;;
J INT RELAT DEV ;SI;J GLOB SECUR STUD;directed;7;TRUE;FALSE
J INT RELAT DEV ;SI;J CONTEMP EUR STUD;directed;6;TRUE;FALSE
J INT RELAT DEV ;SI;INT THEOR;directed;16;TRUE;FALSE
J INT RELAT DEV ;SI;INT STUD REV;directed;15;TRUE;FALSE
J INT RELAT DEV ;SI;INT STUD QUART;directed;12;TRUE;FALSE
J INT RELAT DEV ;SI;INT STUD PERSPECT;directed;6;TRUE;FALSE
J INT RELAT DEV ;SI;INT RELAT;directed;7;TRUE;FALSE
J INT RELAT DEV ;SI;INT POLITICS;directed;9;TRUE;FALSE
J INT RELAT DEV ;SI;INT AFF;directed;7;TRUE;FALSE
;;;;;;
J INT RELAT DEV ;SI;FOREIGN POL ANAL-US;directed;6;TRUE;FALSE
J INT RELAT DEV ;SI;EUR SECUR;directed;7;TRUE;FALSE
J INT RELAT DEV ;SI;EUR J INT RELAT;directed;7;TRUE;FALSE
;;;;;;
J INT RELAT DEV ;SI;CAMB REV INT AFF;directed;8;TRUE;FALSE
J INT RELAT DEV ;SI;AUST J POLIT HIST;directed;5;TRUE;FALSE
;;;;;;
J PEACE RES;NO;ULUSLAR ILISKILER;directed;5;TRUE;FALSE
;;;;;;
J PEACE RES;NO;STUD CONFL TERROR;directed;101;TRUE;FALSE
J PEACE RES;NO;REV INT ORGAN;directed;26;TRUE;FALSE
J PEACE RES;NO;POLIT GEOGR;directed;75;TRUE;FALSE
J PEACE RES;NO;PLOS ONE;directed;48;TRUE;FALSE
;;;;;;
;;;;;;
J PEACE RES;NO;J PEACE RES;directed;323;TRUE;FALSE
J PEACE RES;NO;J PEACE RES;directed;323;TRUE;FALSE
J PEACE RES;NO;J INT RELAT DEV ;directed;18;TRUE;FALSE
J PEACE RES;NO;J GLOB SECUR STUD;directed;119;TRUE;FALSE
;;;;;;
J PEACE RES;NO;INT STUD REV;directed;139;TRUE;FALSE
J PEACE RES;NO;INT STUD QUART;directed;235;TRUE;FALSE
;;;;;;
J PEACE RES;NO;INT INTERACT;directed;177;TRUE;FALSE
J PEACE RES;NO;FOREIGN POL ANAL-US;directed;76;TRUE;FALSE
J PEACE RES;NO;EUR J INT RELAT;directed;51;TRUE;FALSE
;;;;;;
J PEACE RES;NO;CONTEMP SECUR POL;directed;10;TRUE;FALSE
;;;;;;
;;;;;;
J PEACE RES;NO;BRIT J POLIT SCI;directed;58;TRUE;FALSE
J POLIT;UK;REV INT ORGAN;directed;24;TRUE;FALSE
J POLIT;UK;J PEACE RES;directed;55;TRUE;FALSE
J POLIT;UK;J CURR SE ASIAN AFF;directed;9;TRUE;FALSE
J SOUTHEAST ASIAN ST;SG;CONTEMP SE ASIA;directed;5;TRUE;FALSE
J STRATEGIC STUD;UK;REV BRAS POLIT INT;directed;6;TRUE;FALSE
J STRATEGIC STUD;UK;CONTEMP SECUR POL;directed;22;TRUE;FALSE
J STRATEGIC STUD;UK;AUST J INT AFF;directed;7;TRUE;FALSE
J WORLD TRADE;NL;ASIAN J WTO INT HEAL;directed;7;TRUE;FALSE
JAMA-J AM MED ASSOC;US;ASIAN J WTO INT HEAL;directed;3;TRUE;FALSE
JCMS-J COMMON MAR;UK;REV BRAS POLIT INT;directed;6;TRUE;FALSE
JCMS-J COMMON MARK S;UK;COMMON MKT LAW REV;directed;6;TRUE;FALSE
JINT ECON LAW;UK;COMMON MKT LAW REV;directed;5;TRUE;FALSE
JINT ECON LAW;UK;ASIAN J WTO INT HEAL;directed;17;TRUE;FALSE
JINT RELAT DEV;SI;J INT RELAT DEV ;directed;70;TRUE;FALSE
JOHNS HOPKINS UNIVERSITY;US;ASIAN PERSPECT-SEOUL;directed;7;FALSE;FALSE
KADIR HAS UNIVERSITY;TR;ULUSLAR ILISKILER;directed;6;FALSE;FALSE
KOC UNIVERSITY;TR;ULUSLAR ILISKILER;directed;3;FALSE;FALSE
LA TROBE UNIVERSITY;AU;AUST J INT AFF;directed;6;FALSE;FALSE
LANCET;UK;ASIAN J WTO INT HEAL;directed;7;TRUE;FALSE
LEAGUE OF EUROPEAN RESEARCH UNIVERSITIES - LERU;EU;REV INT ORGAN;directed;30;FALSE;FALSE
LEAGUE OF EUROPEAN RESEARCH UNIVERSITIES - LERU;EU;J PEACE RES;directed;22;FALSE;FALSE
LEAGUE OF EUROPEAN RESEARCH UNIVERSITIES - LERU;EU;J INT RELAT DEV ;directed;17;FALSE;FALSE
LEAGUE OF EUROPEAN RESEARCH UNIVERSITIES - LERU;EU;J CURR SE ASIAN AFF;directed;4;FALSE;FALSE
LEAGUE OF EUROPEAN RESEARCH UNIVERSITIES - LERU;EU;CONTEMP SECUR POL;directed;10;FALSE;FALSE
LEAGUE OF EUROPEAN RESEARCH UNIVERSITIES - LERU;EU;CONTEMP SE ASIA;directed;5;FALSE;FALSE
LEAGUE OF EUROPEAN RESEARCH UNIVERSITIES - LERU;EU;COMMON MKT LAW REV;directed;33;FALSE;FALSE
LEAGUE OF EUROPEAN RESEARCH UNIVERSITIES - LERU;EU;ASIAN PERSPECT-SEOUL;directed;7;FALSE;FALSE
LEIBNIZ INSTITUT HESSISCHE STIFTUNG FRIEDENS UND KONFLIKTFORSCHUNG (HSFK);DE;J INT RELAT DEV ;directed;3;FALSE;FALSE
LEIDEN UNIVERSITY - EXCL LUMC;NL;CONTEMP SECUR POL;directed;3;FALSE;FALSE
LEIDEN UNIVERSITY - EXCL LUMC;NL;COMMON MKT LAW REV;directed;5;FALSE;FALSE
MAASTRICHT UNIVERSITY;NL;CONTEMP SECUR POL;directed;3;FALSE;FALSE
MAASTRICHT UNIVERSITY;NL;COMMON MKT LAW REV;directed;5;FALSE;FALSE
MACQUARIE UNIVERSITY;AU;AUST J INT AFF;directed;5;FALSE;FALSE
MARMARA UNIVERSITY;TR;ULUSLAR ILISKILER;directed;4;FALSE;FALSE
MAX PLANCK SOCIETY;DE;COMMON MKT LAW REV;directed;3;FALSE;FALSE
MCGILL UNIVERSITY;CA;INT J-TORONTO;directed;3;FALSE;FALSE
MELB J INT LAW;AU;ASIAN J WTO INT HEAL;directed;4;TRUE;FALSE
MIDDLE EAST TECHNICAL UNIVERSITY;TR;ULUSLAR ILISKILER;directed;5;FALSE;FALSE
MILLENNIUM-J INT ST;UK;ULUSLAR ILISKILER;directed;24;TRUE;FALSE
MILLENNIUM-J INT ST;UK;J INT RELAT DEV ;directed;35;TRUE;FALSE
MILLENNIUM-J INT ST;UK;INT J-TORONTO;directed;5;TRUE;FALSE
MILLENNIUM-J INT ST;UK;AUST J INT AFF;directed;12;TRUE;FALSE
MOD LAW REV;UK;COMMON MKT LAW REV;directed;13;TRUE;FALSE
MONASH UNIVERSITY;AU;AUST J INT AFF;directed;5;FALSE;FALSE
NANKAI UNIVERSITY;CN;CHIN J INT POLIT;directed;3;FALSE;FALSE
NANYANG TECHNOLOGICAL UNIVERSITY & NATIONAL INSTITUTE OF EDUCATION (NIE) SINGAPORE;SG;CONTEMP SE ASIA;directed;6;FALSE;FALSE
NANYANG TECHNOLOGICAL UNIVERSITY & NATIONAL INSTITUTE OF EDUCATION (NIE) SINGAPORE;SG;AUST J INT AFF;directed;3;FALSE;FALSE
NANYANG TECHNOLOGICAL UNIVERSITY & NATIONAL INSTITUTE OF EDUCATION (NIE) SINGAPORE;SG;ASIAN PERSPECT-SEOUL;directed;4;FALSE;FALSE
NATION;US;CONTEMP SE ASIA;directed;3;TRUE;FALSE
NATIONAL TAIWAN UNIVERSITY;TW;ASIAN J WTO INT HEAL;directed;3;FALSE;FALSE
NATIONAL UNIVERSITY OF SINGAPORE;SG;CONTEMP SE ASIA;directed;5;FALSE;FALSE
NEW ENGL J MED;US;ASIAN J WTO INT HEAL;directed;3;TRUE;FALSE
NEW YORK UNIVERSITY;US;J PEACE RES;directed;5;FALSE;FALSE
NORWEGIAN INST INT AFFAIRS NUPI;NO;INT J-TORONTO;directed;3;FALSE;FALSE
NORWEGIAN UNIVERSITY OF SCIENCE & TECHNOLOGY (NTNU);NO;J PEACE RES;directed;3;FALSE;FALSE
OZYEGIN UNIVERSITY;TR;ULUSLAR ILISKILER;directed;3;FALSE;FALSE
P NATL ACAD SCI USA;US;J PEACE RES;directed;34;TRUE;FALSE
PAC AFF;CA;J CURR SE ASIAN AFF;directed;5;TRUE;FALSE
PAC AFF;CA;CONTEMP SE ASIA;directed;11;TRUE;FALSE
PAC REV;UK;J CURR SE ASIAN AFF;directed;13;TRUE;FALSE
PAC REV;UK;CHIN J INT POLIT;directed;14;TRUE;FALSE
PAC REV;UK;AUST J INT AFF;directed;16;TRUE;FALSE
PAC REV;UK;ASIAN PERSPECT-SEOUL;directed;18;TRUE;FALSE
PARTY POLIT;US;J CURR SE ASIAN AFF;directed;7;TRUE;FALSE
PEACE RESEARCH INSTITUTE OSLO (PRIO);NO;J PEACE RES;directed;17;FALSE;FALSE
PEKING UNIVERSITY;CN;ASIAN PERSPECT-SEOUL;directed;5;FALSE;FALSE
PENNSYLVANIA COMMONWEALTH SYSTEM OF HIGHER EDUCATION (PCSHE);US;REV INT ORGAN;directed;3;FALSE;FALSE
PENNSYLVANIA COMMONWEALTH SYSTEM OF HIGHER EDUCATION (PCSHE);US;J PEACE RES;directed;12;FALSE;FALSE
PEPPERDINE UNIVERSITY;US;REV INT ORGAN;directed;3;FALSE;FALSE
PERSPECT POLIT;US;REV INT ORGAN;directed;36;TRUE;FALSE
PERSPECT POLIT;US;J PEACE RES;directed;19;TRUE;FALSE
PERSPECT POLIT;US;CONTEMP SE ASIA;directed;3;TRUE;FALSE
POLAR REC;EN;INT J-TORONTO;directed;7;TRUE;FALSE
POLIT ANAL;EN;J PEACE RES;directed;32;TRUE;FALSE
POLIT GENDER;US;J CURR SE ASIAN AFF;directed;5;TRUE;FALSE
POLIT GEOGR;EN;J PEACE RES;directed;48;TRUE;FALSE
POLIT PSYCHOL;US;J INT RELAT DEV ;directed;17;TRUE;FALSE
POLIT PSYCHOL;US;ASIAN PERSPECT-SEOUL;directed;6;TRUE;FALSE
PONTIFICIA UNIVERSIDADE CATOLICA DO RIO DE JANEIRO;BR;CONTEMP SECUR POL;directed;3;FALSE;FALSE
PRINCETON UNIVERSITY;US;REV INT ORGAN;directed;3;FALSE;FALSE
QUEENS UNIVERSITY - CANADA;CA;INT J-TORONTO;directed;4;FALSE;FALSE
RAND CORPORATION;US;J PEACE RES;directed;3;FALSE;FALSE
RENEW SUST ENERG REV;US;ASIAN PERSPECT-SEOUL;directed;7;TRUE;FALSE
REV BRAS POLIT INT;BR;THIRD WORLD Q;directed;7;TRUE;FALSE
REV BRAS POLIT INT;BR;REV INT STUD;directed;4;TRUE;FALSE
;;;;;;
REV BRAS POLIT INT;BR;REV BRAS POLIT INT;directed;46;TRUE;FALSE
REV BRAS POLIT INT;BR;REV BRAS POLIT INT;directed;46;TRUE;FALSE
;;;;;;
;;;;;;
;;;;;;
REV BRAS POLIT INT;BR;INT STUD PERSPECT;directed;10;TRUE;FALSE
REV BRAS POLIT INT;BR;INT RELAT;directed;3;TRUE;FALSE
REV BRAS POLIT INT;BR;INT POLITICS;directed;5;TRUE;FALSE
REV BRAS POLIT INT;BR;INT AFF;directed;3;TRUE;FALSE
;;;;;;
REV BRAS POLIT INT;BR;GLOBAL GOV;directed;3;TRUE;FALSE
;;;;;;
;;;;;;
;;;;;;
;;;;;;
;;;;;;
;;;;;;
;;;;;;
REV INT ORGAN;US;REV INT STUD;directed;23;TRUE;FALSE
;;;;;;
REV INT ORGAN;US;REV INT ORGAN;directed;156;TRUE;FALSE
REV INT ORGAN;US;REV INT ORGAN;directed;156;TRUE;FALSE
REV INT ORGAN;US;REGUL GOV;directed;28;TRUE;FALSE
REV INT ORGAN;US;J GLOB SECUR STUD;directed;14;TRUE;FALSE
REV INT ORGAN;US;J EUR PUBLIC POLICY;directed;14;TRUE;FALSE
REV INT ORGAN;US;INT THEOR;directed;26;TRUE;FALSE
REV INT ORGAN;US;INT STUD REV;directed;27;TRUE;FALSE
REV INT ORGAN;US;INT STUD QUART;directed;49;TRUE;FALSE
REV INT ORGAN;US;INT INTERACT;directed;13;TRUE;FALSE
REV INT ORGAN;US;INT AFF;directed;20;TRUE;FALSE
;;;;;;
REV INT ORGAN;US;GLOBAL GOV;directed;13;TRUE;FALSE
REV INT ORGAN;US;GLOB POLICY;directed;42;TRUE;FALSE
;;;;;;
;;;;;;
REV INT ORGAN;US;EUR J INT RELAT;directed;27;TRUE;FALSE
;;;;;;
REV INT ORGAN;US;BRIT J POLIT SCI;directed;14;TRUE;FALSE
;;;;;;
REV INT POLIT ECON;UK;REV INT ORGAN;directed;26;TRUE;FALSE
REV INT POLIT ECON;UK;CHIN J INT POLIT;directed;16;TRUE;FALSE
REV INT STUD;US;ULUSLAR ILISKILER;directed;12;TRUE;FALSE
REV INT STUD;US;REV BRAS POLIT INT;directed;8;TRUE;FALSE
REV INT STUD;US;J INT RELAT DEV ;directed;43;TRUE;FALSE
REV INT STUD;US;INT J-TORONTO;directed;4;TRUE;FALSE
REV INT STUD;US;CONTEMP SECUR POL;directed;12;TRUE;FALSE
REV INT STUD;US;CHIN J INT POLIT;directed;33;TRUE;FALSE
REV INT STUD;US;AUST J INT AFF;directed;17;TRUE;FALSE
ROYAL MILITARY COLLEGE - CANADA;CA;INT J-TORONTO;directed;8;FALSE;FALSE
SAINT FRANCIS XAVIER UNIVERSITY - CANADA;CA;INT J-TORONTO;directed;3;FALSE;FALSE
SAKARYA UNIVERSITY;TR;ULUSLAR ILISKILER;directed;4;FALSE;FALSE
SECUR DIALOGUE;NO;ULUSLAR ILISKILER;directed;5;TRUE;FALSE
SECUR DIALOGUE;NO;J INT RELAT DEV ;directed;35;TRUE;FALSE
SECUR DIALOGUE;NO;CONTEMP SECUR POL;directed;9;TRUE;FALSE
SECUR STUD;UK;INT J-TORONTO;directed;5;TRUE;FALSE
SECUR STUD;UK;CONTEMP SECUR POL;directed;11;TRUE;FALSE
SECUR STUD;UK;CHIN J INT POLIT;directed;41;TRUE;FALSE
SEOUL NATIONAL UNIVERSITY (SNU);KR;ASIAN PERSPECT-SEOUL;directed;4;FALSE;FALSE
SIMON FRASER UNIVERSITY;CA;INT J-TORONTO;directed;5;FALSE;FALSE
SOONGSIL UNIVERSITY;KR;ASIAN PERSPECT-SEOUL;directed;4;FALSE;FALSE
SOUTH EAST ASIA RES;EN;CONTEMP SE ASIA;directed;3;TRUE;FALSE
STANFORD UNIVERSITY;US;J PEACE RES;directed;3;FALSE;FALSE
STATE UNIVERSITY OF NEW YORK (SUNY) SYSTEM;US;J PEACE RES;directed;3;FALSE;FALSE
STATE UNIVERSITY SYSTEM OF FLORIDA;US;REV INT ORGAN;directed;3;FALSE;FALSE
STATE UNIVERSITY SYSTEM OF FLORIDA;US;J PEACE RES;directed;4;FALSE;FALSE
STOCKHOLM UNIVERSITY;SE;REV INT ORGAN;directed;3;FALSE;FALSE
STOCKHOLM UNIVERSITY;SE;J PEACE RES;directed;4;FALSE;FALSE
STOCKHOLM UNIVERSITY;SE;J INT RELAT DEV ;directed;4;FALSE;FALSE
SUNGKYUNKWAN UNIVERSITY (SKKU);KR;J PEACE RES;directed;3;FALSE;FALSE
SUNGKYUNKWAN UNIVERSITY (SKKU);KR;ASIAN PERSPECT-SEOUL;directed;3;FALSE;FALSE
SURVIVAL;UK;CONTEMP SECUR POL;directed;20;TRUE;FALSE
SURVIVAL;UK;AUST J INT AFF;directed;7;TRUE;FALSE
SWEDISH DEF UNIV;SE;CONTEMP SECUR POL;directed;3;FALSE;FALSE
SWEDISH DEF UNIV;SE;ASIAN PERSPECT-SEOUL;directed;3;FALSE;FALSE
SWEDISH INST INT AFFAIRS;SE;J INT RELAT DEV ;directed;3;FALSE;FALSE
SWEDISH INST INT AFFAIRS;SE;ASIAN PERSPECT-SEOUL;directed;3;FALSE;FALSE
TAIPEI MEDICAL UNIVERSITY;TW;ASIAN J WTO INT HEAL;directed;3;FALSE;FALSE
THIRD WORLD Q;UK;ULUSLAR ILISKILER;directed;9;TRUE;FALSE
THIRD WORLD Q;UK;REV BRAS POLIT INT;directed;6;TRUE;FALSE
THIRD WORLD Q;UK;J INT RELAT DEV ;directed;20;TRUE;FALSE
THIRD WORLD Q;UK;INT J-TORONTO;directed;7;TRUE;FALSE
THIRD WORLD Q;UK;CHIN J INT POLIT;directed;15;TRUE;FALSE
TILBURG UNIVERSITY;US;COMMON MKT LAW REV;directed;3;FALSE;FALSE
TOB CONTROL;UK;ASIAN J WTO INT HEAL;directed;4;TRUE;FALSE
TSINGHUA UNIVERSITY;CN;CHIN J INT POLIT;directed;6;FALSE;FALSE
TURKISH GERMAN UNIVERSITY;DE;ULUSLAR ILISKILER;directed;3;FALSE;FALSE
U CHICAGO LAW REV;US;COMMON MKT LAW REV;directed;5;TRUE;FALSE
ULUSLAR ILISKILER;TR;ULUSLAR ILISKILER;directed;27;TRUE;FALSE
ULUSLAR ILISKILER;TR;ULUSLAR ILISKILER;directed;27;TRUE;FALSE
;;;;;;
;;;;;;
;;;;;;
;;;;;;
;;;;;;
;;;;;;
;;;;;;
;;;;;;
UNIVERSIDADE DE BRASILIA;BR;REV BRAS POLIT INT;directed;7;FALSE;FALSE
UNIVERSIDADE DE SAO PAULO;BR;REV BRAS POLIT INT;directed;4;FALSE;FALSE
UNIVERSIDADE DO ESTADO DO RIO DE JANEIRO;BR;REV BRAS POLIT INT;directed;3;FALSE;FALSE
UNIVERSIDADE ESTADUAL PAULISTA;BR;REV BRAS POLIT INT;directed;3;FALSE;FALSE
UNIVERSIDADE FEDERAL DA PARAIBA;BR;REV BRAS POLIT INT;directed;3;FALSE;FALSE
UNIVERSIDADE FEDERAL DO RIO GRANDE DO SUL;BR;REV BRAS POLIT INT;directed;4;FALSE;FALSE
UNIVERSITI KEBANGSAAN MALAYSIA;MY;ASIAN PERSPECT-SEOUL;directed;4;FALSE;FALSE
UNIVERSITY OF ADELAIDE;AU;AUST J INT AFF;directed;5;FALSE;FALSE
UNIVERSITY OF ARIZONA;US;J PEACE RES;directed;4;FALSE;FALSE
UNIVERSITY OF BIRMINGHAM;UK;J INT RELAT DEV ;directed;3;FALSE;FALSE
UNIVERSITY OF BRITISH COLUMBIA;CA;INT J-TORONTO;directed;5;FALSE;FALSE
UNIVERSITY OF BRITISH COLUMBIA;CA;CONTEMP SE ASIA;directed;3;FALSE;FALSE
UNIVERSITY OF CALGARY;CA;INT J-TORONTO;directed;5;FALSE;FALSE
UNIVERSITY OF CALIFORNIA SYSTEM;US;REV INT ORGAN;directed;10;FALSE;FALSE
UNIVERSITY OF CALIFORNIA SYSTEM;US;J PEACE RES;directed;8;FALSE;FALSE
UNIVERSITY OF DENVER;US;J PEACE RES;directed;4;FALSE;FALSE
UNIVERSITY OF ESSEX;UK;J PEACE RES;directed;11;FALSE;FALSE
UNIVERSITY OF GOTHENBURG;SE;J PEACE RES;directed;3;FALSE;FALSE
UNIVERSITY OF HAIFA;IL;J PEACE RES;directed;3;FALSE;FALSE
UNIVERSITY OF HELSINKI;CN;COMMON MKT LAW REV;directed;3;FALSE;FALSE
UNIVERSITY OF INDONESIA;ID;J CURR SE ASIAN AFF;directed;3;FALSE;FALSE
UNIVERSITY OF KENT;UK;J INT RELAT DEV ;directed;3;FALSE;FALSE
UNIVERSITY OF KENT;UK;CONTEMP SECUR POL;directed;3;FALSE;FALSE
UNIVERSITY OF KONSTANZ;DE;REV INT ORGAN;directed;3;FALSE;FALSE
UNIVERSITY OF KONSTANZ;DE;J PEACE RES;directed;3;FALSE;FALSE
UNIVERSITY OF LIVERPOOL;UK;COMMON MKT LAW REV;directed;3;FALSE;FALSE
UNIVERSITY OF LONDON;UK;REV INT ORGAN;directed;10;FALSE;FALSE
UNIVERSITY OF LONDON;UK;J PEACE RES;directed;11;FALSE;FALSE
UNIVERSITY OF LONDON;UK;J INT RELAT DEV ;directed;11;FALSE;FALSE
UNIVERSITY OF LONDON;UK;CONTEMP SECUR POL;directed;4;FALSE;FALSE
UNIVERSITY OF LONDON;UK;CONTEMP SE ASIA;directed;4;FALSE;FALSE
UNIVERSITY OF LONDON;UK;COMMON MKT LAW REV;directed;10;FALSE;FALSE
UNIVERSITY OF LONDON;UK;CHIN J INT POLIT;directed;4;FALSE;FALSE
UNIVERSITY OF LONDON;UK;AUST J INT AFF;directed;5;FALSE;FALSE
UNIVERSITY OF MANNHEIM;DE;REV INT ORGAN;directed;4;FALSE;FALSE
UNIVERSITY OF MELBOURNE; U;AUST J INT AFF;directed;3;FALSE;FALSE
UNIVERSITY OF MICHIGAN SYSTEM;US;J PEACE RES;directed;7;FALSE;FALSE
UNIVERSITY OF NEW SOUTH WALES SYDNEY;AU;AUST J INT AFF;directed;8;FALSE;FALSE
UNIVERSITY OF NORTH CAROLINA;US;REV INT ORGAN;directed;3;FALSE;FALSE
UNIVERSITY OF NORTH TEXAS SYSTEM;US;J PEACE RES;directed;4;FALSE;FALSE
UNIVERSITY OF OSLO;SE;J PEACE RES;directed;3;FALSE;FALSE
UNIVERSITY OF OSLO;SE;COMMON MKT LAW REV;directed;5;FALSE;FALSE
UNIVERSITY OF OTTAWA;CA;INT J-TORONTO;directed;25;FALSE;FALSE
UNIVERSITY OF POTSDAM;DE;REV INT ORGAN;directed;3;FALSE;FALSE
UNIVERSITY OF QUEBEC;CA;INT J-TORONTO;directed;6;FALSE;FALSE
UNIVERSITY OF QUEENSLAND;AU;AUST J INT AFF;directed;10;FALSE;FALSE
UNIVERSITY OF READING;UK;CONTEMP SECUR POL;directed;3;FALSE;FALSE
UNIVERSITY OF SOUTHERN CALIFORNIA;US;J PEACE RES;directed;3;FALSE;FALSE
UNIVERSITY OF SOUTHERN DENMARK;DK;CONTEMP SECUR POL;directed;3;FALSE;FALSE
UNIVERSITY OF ST ANDREWS;UK;J INT RELAT DEV ;directed;4;FALSE;FALSE
UNIVERSITY OF ST GALLEN;CH;REV INT ORGAN;directed;3;FALSE;FALSE
UNIVERSITY OF SUSSEX;UK;J INT RELAT DEV ;directed;3;FALSE;FALSE
UNIVERSITY OF SYDNEY;AU;AUST J INT AFF;directed;5;FALSE;FALSE
UNIVERSITY OF TEXAS SYSTEM;US;J PEACE RES;directed;5;FALSE;FALSE
UNIVERSITY OF THE PHILIPPINES SYSTEM;PH;CONTEMP SE ASIA;directed;3;FALSE;FALSE
UNIVERSITY OF TORONTO;CA;INT J-TORONTO;directed;18;FALSE;FALSE
UNIVERSITY OF VICTORIA;CA;INT J-TORONTO;directed;3;FALSE;FALSE
UNIVERSITY OF WARWICK;UK;J PEACE RES;directed;4;FALSE;FALSE
UNIVERSITY OF WARWICK;UK;ASIAN PERSPECT-SEOUL;directed;3;FALSE;FALSE
UNIVERSITY OF WATERLOO;CA;INT J-TORONTO;directed;5;FALSE;FALSE
UNIVERSITY OF WESTERN AUSTRALIA;AU;AUST J INT AFF;directed;4;FALSE;FALSE
UNIVERSITY OF WROCLAW;PL;COMMON MKT LAW REV;directed;4;FALSE;FALSE
UNIVERSITY OF YORK - UK;UK;COMMON MKT LAW REV;directed;5;FALSE;FALSE
UNIVERSITY OSNABRUCK;DE;J PEACE RES;directed;3;FALSE;FALSE
UNIVERSITY SYSTEM OF GEORGIA;US;J PEACE RES;directed;3;FALSE;FALSE
UNIVERSITY SYSTEM OF GEORGIA;US;J INT RELAT DEV ;directed;3;FALSE;FALSE
UNIVERSITY SYSTEM OF MARYLAND;US;J PEACE RES;directed;6;FALSE;FALSE
UPPSALA UNIVERSITY;SE;J PEACE RES;directed;15;FALSE;FALSE
UTAH SYSTEM OF HIGHER EDUCATION;US;J PEACE RES;directed;3;FALSE;FALSE
UTRECHT LAW REV;NL;ASIAN J WTO INT HEAL;directed;3;TRUE;FALSE
VICTORIA UNIVERSITY WELLINGTON;AU;AUST J INT AFF;directed;3;FALSE;FALSE
VILLANOVA UNIVERSITY;US;REV INT ORGAN;directed;4;FALSE;FALSE
WASH QUART;US;CONTEMP SECUR POL;directed;8;TRUE;FALSE
WASH QUART;US;AUST J INT AFF;directed;8;TRUE;FALSE
WASH QUART;US;ASIAN PERSPECT-SEOUL;directed;9;TRUE;FALSE
WASHINGTON UNIVERSITY (WUSTL);US;J PEACE RES;directed;3;FALSE;FALSE
WEST EUR POLIT;UK;COMMON MKT LAW REV;directed;7;TRUE;FALSE
WESTERN UNIVERSITY (UNIVERSITY OF WESTERN ONTARIO);CA;INT J-TORONTO;directed;4;FALSE;FALSE
WHO;INT;ASIAN J WTO INT HEAL;directed;3;TRUE;FALSE
WORLD DEV;UK;REV INT ORGAN;directed;23;TRUE;FALSE
WORLD DEV;UK;J PEACE RES;directed;21;TRUE;FALSE
WORLD POLIT;US;REV INT ORGAN;directed;26;TRUE;FALSE
WORLD POLIT;US;REV BRAS POLIT INT;directed;8;TRUE;FALSE
WORLD POLIT;US;J PEACE RES;directed;36;TRUE;FALSE
WORLD POLIT;US;J CURR SE ASIAN AFF;directed;6;TRUE;FALSE
WORLD POLIT;US;INT J-TORONTO;directed;4;TRUE;FALSE
WORLD POLIT;US;CONTEMP SE ASIA;directed;3;TRUE;FALSE
WORLD POLIT;US;CHIN J INT POLIT;directed;21;TRUE;FALSE
WORLD POLIT;US;AUST J INT AFF;directed;12;TRUE;FALSE
YALE UNIVERSITY;US;COMMON MKT LAW REV;directed;6;TRUE;FALSE
;;;;;;
;;;;;;
;;;;;;
;;;;;;
;;;;;;
;;;;;;
;;;;;;
;;;;;;
;;;;;;
;;;;;;
;;;;;;
;;;;;;
;;;;;;
;;;;;;
;;;;;;
;;;;;;
;;;;;;
;;;;;;
;;;;;;
;;;;;;
;;;;;;
;;;;;;
;;;;;;
;;;;;;
;;;;;;
;;;;;;
;;;;;;
;;;;;;
;;;;;;
;;;;;;
;;;;;;
;;;;;;
;;;;;;
;;;;;;
;;;;;;
;;;;;;
;;;;;;
;;;;;;
;;;;;;
;;;;;;
;;;;;;
;;;;;;
;;;;;;
;;;;;;
;;;;;;
;;;;;;
;;;;;;
;;;;;;
;;;;;;
;;;;;;
;;;;;;
;;;;;;
;;;;;;
;;;;;;
;;;;;;
;;;;;;
;;;;;;
;;;;;;
;;;;;;
;;;;;;
;;;;;;
;;;;;;
;;;;;;
;;;;;;
;;;;;;
;;;;;;
;;;;;;
;;;;;;
;;;;;;
;;;;;;
;;;;;;
;;;;;;
;;;;;;
;;;;;;
;;;;;;
;;;;;;
;;;;;;
;;;;;;
;;;;;;
;;;;;;
;;;;;;
;;;;;;
;;;;;;
;;;;;;
;;;;;;
;;;;;;
;;;;;;
;;;;;;
;;;;;;
;;;;;;
;;;;;;
;;;;;;
;;;;;;
;;;;;;
;;;;;;
;;;;;;
;;;;;;
;;;;;;
;;;;;;
;;;;;;
;;;;;;
;;;;;;
;;;;;;
;;;;;;
;;;;;;
;;;;;;
;;;;;;
;;;;;;
;;;;;;
;;;;;;
;;;;;;
;;;;;;
;;;;;;
;;;;;;
;;;;;;
;;;;;;
;;;;;;
;;;;;;
;;;;;;
;;;;;;
;;;;;;
;;;;;;
;;;;;;
;;;;;;
;;;;;;
;;;;;;
;;;;;;
;;;;;;
;;;;;;
;;;;;;
;;;;;;
;;;;;;
;;;;;;
;;;;;;
;;;;;;
;;;;;;
;;;;;;
;;;;;;
;;;;;;
;;;;;;
;;;;;;
;;;;;;
;;;;;;
;;;;;;
;;;;;;
;;;;;;
;;;;;;
;;;;;;
;;;;;;
;;;;;;
;;;;;;
;;;;;;
;;;;;;
;;;;;;
;;;;;;
;;;;;;
;;;;;;
;;;;;;
;;;;;;
;;;;;;
;;;;;;
;;;;;;
;;;;;;
;;;;;;
;;;;;;
;;;;;;
;;;;;;
;;;;;;
;;;;;;
;;;;;;
;;;;;;
;;;;;;
;;;;;;
;;;;;;
;;;;;;
;;;;;;
;;;;;;
;;;;;;
;;;;;;
;;;;;;
;;;;;;
;;;;;;
;;;;;;
;;;;;;
;;;;;;
;;;;;;
;;;;;;
;;;;;;
;;;;;;
;;;;;;
;;;;;;
;;;;;;
;;;;;;
;;;;;;
;;;;;;
;;;;;;
;;;;;;
;;;;;;
;;;;;;
;;;;;;
;;;;;;
;;;;;;
;;;;;;
;;;;;;
;;;;;;
;;;;;;
;;;;;;
;;;;;;
;;;;;;
;;;;;;
;;;;;;
;;;;;;
;;;;;;
;;;;;;
;;;;;;
;;;;;;
;;;;;;
;;;;;;
;;;;;;
;;;;;;
;;;;;;
;;;;;;
;;;;;;
;;;;;;
;;;;;;
;;;;;;
;;;;;;
;;;;;;
;;;;;;
;;;;;;
;;;;;;
;;;;;;
;;;;;;
;;;;;;
;;;;;;
;;;;;;
;;;;;;
;;;;;;
;;;;;;
;;;;;;
;;;;;;
;;;;;;
;;;;;;
;;;;;;
;;;;;;
;;;;;;
;;;;;;
;;;;;;
;;;;;;
;;;;;;
;;;;;;
;;;;;;
;;;;;;
;;;;;;
;;;;;;
;;;;;;
;;;;;;
;;;;;;
;;;;;;
;;;;;;
;;;;;;
;;;;;;
;;;;;;
;;;;;;
;;;;;;
;;;;;;
;;;;;;
;;;;;;
;;;;;;
;;;;;;
;;;;;;
;;;;;;
;;;;;;
;;;;;;
;;;;;;
;;;;;;
;;;;;;
;;;;;;
;;;;;;
;;;;;;
;;;;;;
;;;;;;
;;;;;;
;;;;;;
;;;;;;
;;;;;;
;;;;;;
;;;;;;
;;;;;;
;;;;;;
;;;;;;
;;;;;;
;;;;;;
;;;;;;
;;;;;;
;;;;;;
;;;;;;
;;;;;;
;;;;;;
;;;;;;
;;;;;;
;;;;;;
;;;;;;
;;;;;;
;;;;;;
;;;;;;
;;;;;;
;;;;;;
;;;;;;
;;;;;;
;;;;;;
;;;;;;
;;;;;;
;;;;;;
;;;;;;
;;;;;;
;;;;;;
;;;;;;
;;;;;;
;;;;;;
;;;;;;
;;;;;;
;;;;;;
;;;;;;
;;;;;;
;;;;;;
;;;;;;
;;;;;;
;;;;;;
;;;;;;
;;;;;;
;;;;;;
;;;;;;
;;;;;;
;;;;;;
;;;;;;
;;;;;;
;;;;;;
;;;;;;
;;;;;;
;;;;;;
;;;;;;
;;;;;;
;;;;;;
;;;;;;
;;;;;;
;;;;;;
;;;;;;
;;;;;;
;;;;;;
;;;;;;
;;;;;;
;;;;;;
;;;;;;
;;;;;;
;;;;;;
;;;;;;
;;;;;;
;;;;;;
;;;;;;
;;;;;;
;;;;;;
;;;;;;
;;;;;;
;;;;;;
;;;;;;
;;;;;;
;;;;;;
;;;;;;
;;;;;;
;;;;;;
;;;;;;
;;;;;;
;;;;;;
;;;;;;
;;;;;;
;;;;;;
;;;;;;
;;;;;;
;;;;;;
;;;;;;
;;;;;;
;;;;;;
;;;;;;
;;;;;;
;;;;;;
;;;;;;
;;;;;;
;;;;;;
;;;;;;
;;;;;;
;;;;;;
;;;;;;
;;;;;;
;;;;;;
;;;;;;
;;;;;;
;;;;;;
;;;;;;
;;;;;;
;;;;;;
;;;;;;
;;;;;;
;;;;;;
;;;;;;
;;;;;;
;;;;;;
;;;;;;
;;;;;;
;;;;;;
;;;;;;
;;;;;;
;;;;;;
;;;;;;
;;;;;;
;;;;;;
;;;;;;
;;;;;;
;;;;;;
;;;;;;
;;;;;;
;;;;;;
;;;;;;
;;;;;;
;;;;;;
;;;;;;
;;;;;;
;;;;;;
;;;;;;
;;;;;;
;;;;;;
;;;;;;
;;;;;;
;;;;;;
;;;;;;
;;;;;;
;;;;;;
;;;;;;
;;;;;;
;;;;;;
;;;;;;
;;;;;;
;;;;;;
;;;;;;
;;;;;;
;;;;;;
;;;;;;
;;;;;;
;;;;;;
;;;;;;
;;;;;;
;;;;;;
;;;;;;
;;;;;;
;;;;;;
;;;;;;
;;;;;;
;;;;;;
;;;;;;
;;;;;;
;;;;;;
;;;;;;
;;;;;;
;;;;;;
;;;;;;
;;;;;;
;;;;;;
;;;;;;
;;;;;;
;;;;;;
;;;;;;
;;;;;;
;;;;;;
;;;;;;
;;;;;;
;;;;;;
;;;;;;
;;;;;;
;;;;;;
;;;;;;
;;;;;;
;;;;;;
;;;;;;
;;;;;;
;;;;;;
;;;;;;
;;;;;;
;;;;;;
;;;;;;
;;;;;;
;;;;;;
;;;;;;
;;;;;;
;;;;;;
;;;;;;
;;;;;;
;;;;;;
;;;;;;
;;;;;;
;;;;;;
;;;;;;
;;;;;;
;;;;;;
;;;;;;
;;;;;;
;;;;;;
;;;;;;
;;;;;;
;;;;;;
;;;;;;
;;;;;;
;;;;;;
;;;;;;
;;;;;;
;;;;;;
;;;;;;
;;;;;;
;;;;;;
;;;;;;
;;;;;;
;;;;;;
;;;;;;
;;;;;;
;;;;;;
;;;;;;
;;;;;;
;;;;;;
;;;;;;
;;;;;;
;;;;;;
;;;;;;
;;;;;;
;;;;;;
;;;;;;
;;;;;;
;;;;;;
;;;;;;
;;;;;;
;;;;;;
;;;;;;
;;;;;;
;;;;;;
;;;;;;
;;;;;;
;;;;;;
;;;;;;
;;;;;;
;;;;;;
;;;;;;
;;;;;;
;;;;;;
;;;;;;
;;;;;;
;;;;;;
;;;;;;
;;;;;;
;;;;;;
;;;;;;
;;;;;;
;;;;;;
;;;;;;
;;;;;;
;;;;;;
;;;;;;
;;;;;;
;;;;;;
;;;;;;
;;;;;;
;;;;;;
;;;;;;
;;;;;;
;;;;;;
;;;;;;
;;;;;;
;;;;;;
;;;;;;
;;;;;;
;;;;;;
;;;;;;
;;;;;;
;;;;;;
;;;;;;
;;;;;;
;;;;;;
;;;;;;
;;;;;;
;;;;;;
;;;;;;
;;;;;;
;;;;;;
;;;;;;
;;;;;;
;;;;;;
;;;;;;
;;;;;;
;;;;;;
;;;;;;
;;;;;;
;;;;;;
;;;;;;
;;;;;;
;;;;;;
;;;;;;
;;;;;;
;;;;;;
;;;;;;
;;;;;;
;;;;;;
;;;;;;
;;;;;;
;;;;;;
;;;;;;
;;;;;;
;;;;;;
;;;;;;
;;;;;;
;;;;;;
;;;;;;
;;;;;;
;;;;;;
;;;;;;
;;;;;;
;;;;;;
;;;;;;
;;;;;;
;;;;;;
;;;;;;
;;;;;;
;;;;;;
;;;;;;
;;;;;;
;;;;;;
;;;;;;
;;;;;;
;;;;;;
;;;;;;
;;;;;;
;;;;;;
;;;;;;
;;;;;;
;;;;;;
;;;;;;
;;;;;;
;;;;;;
;;;;;;
;;;;;;
;;;;;;
;;;;;;
;;;;;;
;;;;;;
;;;;;;
;;;;;;
;;;;;;
;;;;;;
;;;;;;
;;;;;;
;;;;;;
;;;;;;
;;;;;;
;;;;;;
;;;;;;
;;;;;;
;;;;;;
;;;;;;
;;;;;;
;;;;;;
;;;;;;
;;;;;;
;;;;;;
;;;;;;
;;;;;;
;;;;;;
;;;;;;
;;;;;;
;;;;;;
;;;;;;
;;;;;;
;;;;;;
;;;;;;
;;;;;;
;;;;;;
;;;;;;
;;;;;;
;;;;;;
;;;;;;
;;;;;;
;;;;;;
;;;;;;
;;;;;;
;;;;;;
;;;;;;
;;;;;;
;;;;;;
;;;;;;
;;;;;;
;;;;;;
;;;;;;
;;;;;;
;;;;;;
;;;;;;
;;;;;;
;;;;;;
;;;;;;
;;;;;;
;;;;;;
;;;;;;
;;;;;;
;;;;;;
;;;;;;
;;;;;;
;;;;;;
;;;;;;
;;;;;;
;;;;;;
;;;;;;
;;;;;;
;;;;;;
;;;;;;
;;;;;;
;;;;;;
;;;;;;
;;;;;;
;;;;;;
;;;;;;
;;;;;;
;;;;;;
;;;;;;
;;;;;;
;;;;;;
;;;;;;
;;;;;;
;;;;;;
;;;;;;
;;;;;;
;;;;;;
;;;;;;
;;;;;;
;;;;;;
;;;;;;
;;;;;;
;;;;;;
;;;;;;
;;;;;;
;;;;;;
;;;;;;
;;;;;;
;;;;;;
;;;;;;
;;;;;;
;;;;;;
;;;;;;
;;;;;;
;;;;;;
;;;;;;
;;;;;;
;;;;;;
;;;;;;
;;;;;;
;;;;;;
;;;;;;
;;;;;;
;;;;;;
;;;;;;
;;;;;;
;;;;;;
;;;;;;
;;;;;;
;;;;;;
;;;;;;
;;;;;;
;;;;;;
;;;;;;
;;;;;;
;;;;;;
;;;;;;
;;;;;;
;;;;;;
;;;;;;
;;;;;;
;;;;;;
;;;;;;
;;;;;;
;;;;;;
;;;;;;
;;;;;;
;;;;;;
;;;;;;
;;;;;;
;;;;;;
;;;;;;
;;;;;;
;;;;;;
;;;;;;
;;;;;;
;;;;;;
;;;;;;
;;;;;;
;;;;;;
;;;;;;
;;;;;;
;;;;;;
;;;;;;
;;;;;;
;;;;;;
;;;;;;
;;;;;;
;;;;;;
;;;;;;
;;;;;;
;;;;;;
;;;;;;
;;;;;;
;;;;;;
;;;;;;
;;;;;;
;;;;;;
;;;;;;
;;;;;;
;;;;;;
;;;;;;
;;;;;;
;;;;;;
;;;;;;
;;;;;;
;;;;;;
;;;;;;
;;;;;;
;;;;;;
;;;;;;
;;;;;;
;;;;;;
;;;;;;
;;;;;;
;;;;;;
;;;;;;
;;;;;;
;;;;;;
;;;;;;
;;;;;;
;;;;;;
;;;;;;
;;;;;;
;;;;;;
;;;;;;
;;;;;;
;;;;;;
;;;;;;
;;;;;;
;;;;;;
;;;;;;
;;;;;;
;;;;;;
;;;;;;
;;;;;;
;;;;;;
;;;;;;
;;;;;;
;;;;;;
;;;;;;
;;;;;;
;;;;;;
;;;;;;
;;;;;;
;;;;;;
;;;;;;
;;;;;;
;;;;;;
;;;;;;
;;;;;;
;;;;;;
;;;;;;
;;;;;;
;;;;;;
;;;;;;
;;;;;;
;;;;;;
;;;;;;
;;;;;;
;;;;;;
;;;;;;
;;;;;;
;;;;;;
;;;;;;
;;;;;;
;;;;;;
;;;;;;
;;;;;;
;;;;;;
;;;;;;
;;;;;;
;;;;;;
;;;;;;
;;;;;;
;;;;;;
;;;;;;
;;;;;;
;;;;;;
;;;;;;
;;;;;;
;;;;;;
;;;;;;
;;;;;;
;;;;;;
;;;;;;
;;;;;;
;;;;;;
;;;;;;
;;;;;;
;;;;;;
;;;;;;
;;;;;;
;;;;;;
;;;;;;
;;;;;;
;;;;;;
;;;;;;
;;;;;;
;;;;;;
;;;;;;
;;;;;;
;;;;;;
;;;;;;
;;;;;;
;;;;;;
;;;;;;
;;;;;;
;;;;;;
;;;;;;
;;;;;;
;;;;;;
;;;;;;
;;;;;;
;;;;;;
;;;;;;
;;;;;;
;;;;;;
;;;;;;
;;;;;;
;;;;;;
;;;;;;
;;;;;;
;;;;;;
;;;;;;
;;;;;;
;;;;;;
;;;;;;
;;;;;;
;;;;;;
;;;;;;
;;;;;;
;;;;;;
;;;;;;
;;;;;;
;;;;;;
;;;;;;
;;;;;;
;;;;;;
;;;;;;
;;;;;;
;;;;;;
;;;;;;
;;;;;;
;;;;;;
;;;;;;
;;;;;;
;;;;;;
;;;;;;
;;;;;;
;;;;;;
;;;;;;
;;;;;;
;;;;;;
;;;;;;
;;;;;;
;;;;;;
;;;;;;
;;;;;;
;;;;;;
;;;;;;
;;;;;;
;;;;;;
;;;;;;
;;;;;;
;;;;;;
;;;;;;
;;;;;;
;;;;;;
;;;;;;
;;;;;;
;;;;;;
;;;;;;
;;;;;;
;;;;;;
;;;;;;
;;;;;;
;;;;;;
;;;;;;
;;;;;;
;;;;;;
;;;;;;
;;;;;;
;;;;;;
;;;;;;
;;;;;;
;;;;;;
;;;;;;
;;;;;;
;;;;;;
;;;;;;
;;;;;;
;;;;;;
;;;;;;
;;;;;;
;;;;;;
;;;;;;
;;;;;;
;;;;;;
;;;;;;
;;;;;;
;;;;;;
;;;;;;
;;;;;;
;;;;;;
;;;;;;
;;;;;;
;;;;;;
;;;;;;
;;;;;;
;;;;;;
;;;;;;
;;;;;;
;;;;;;
;;;;;;
;;;;;;
;;;;;;
;;;;;;
;;;;;;
;;;;;;
;;;;;;
;;;;;;
;;;;;;
;;;;;;
;;;;;;
;;;;;;
;;;;;;
;;;;;;
;;;;;;
;;;;;;
;;;;;;
;;;;;;
;;;;;;